text	label
乐易玲将与马赛谈话：不希望她为爱情影响工作	6
沪宁高铁拉开序幕 交通一体化重构长三角格局	4
日本气象厅解除海啸警报 目前尚无伤亡报告	3
男子听算命师建议去外地散心改运 惨遭10人狂殴	2
男篮四国赛开战 中国国奥队首场61-40轻取德国	7
武汉卓尔主场通过验收 足协官员称硬件条件一流	7
刘威儿子星范儿足 妈妈接送风尘仆仆(图)	6
香港一名中医师涉非法管有抗生素受查	2
"霍震霆与百名香港球迷现场助威香港""省港杯""夺冠"	7
"《变形金刚2》公布机器人名单 弃用""威震天""？"	6
莱昂纳多北京宣传新戏 现场写下“小李”汉字	6
慰安妇结婚后曾八次产下死胎 女儿被同学嘲笑	5
CBA饭碗难端马库斯濒临下岗 山西球迷纷纷支招	7
外媒：埃及首都球迷骚乱已造成至少30人死(图)	3
国民经济运行发布会或将21日召开 公布09年数据	4
台湾“九合一”选举资料：屏东县长参选人一览	2
北京排查台湾问题饮料 一经发现就地封存	4
锦上添花易雪中送炭难 中国女排应多打逆境球	7
同花顺发行价52.8元 对应09年市盈率50倍	4
舜天冲亚冠球迷不乐观:大牌外援没影 引援进度慢	7
福岛核电站反应堆辐射量超千万倍 工作人员撤离	3
曝桑兰曾遭监护人之子猥亵 经纪人发飙爆粗口	7
台官员：台北若发生6.3级地震 房屋恐倒4000栋	2
强震吓坏民众 外佣拿刀断掌女子尖叫下巴脱臼	2
科学家王俊：只想做让老百姓实实在在受益的事	5
主裁判场上滥用职权 暂停比赛吃东西引众怒(图)	7
青海唐古拉地区发生3.5级地震 震源深度10千米	1
意大利一座金库500公斤黄金被劫 劫匪逃之夭夭	3
习近平在2015减贫与发展高层论坛上的主旨演讲	1
入冬台湾游渐热 南航乌市台北航线客座率超八成	2
近30档喜剧真人秀消亡 业内：选手难找、创意缺乏	6
中国烹饪协会表示将积极推动两岸餐饮合作	2
《最强大脑》Dr.魏被评“都教授” 回应：没看过	6
李克强致电云南书记要求绝不放弃救人	1
台湾生物科技大展搬到苏州 “借船”进军大陆市场	2
"""我是歌手""本周总决赛 黄贯中、尚雯婕将回归表演"	6
能动英语李相阳：甩掉“金饭碗”再“疯”一把	4
香港迪斯尼第三家酒店获政府注资支持	2
专家谈私家藏书：孔子是中国第一代私人藏书家	5
中德热身赛难成行 知情人:不利于国足备战12强赛	7
NASA造史上最大火箭 有望送人上火星（图）	5
笨贼不识宝偷古董小提琴 有172年历史价值250万	2
学者：“蚁族”已无法回头 物质贫乏但精神强大	5
曝卡塔尔西班牙交换世界杯选票 存在利益关系	7
“巴巴爷爷”创作者夸赞喜羊羊动画生动可爱	5
网点业主推荐 绍兴老彩民喜中24万	4
美国务院证实批准出口韩新战机所需21大项技术	3
新疆纪委：确保信访件不积压、不丢失、不泄露	1
埃及连续示威冲突已致10人死数百伤 总理吁团结	3
法律分析：如何认定网络侵权法律责任？	5
湖南中出2注双色球头奖 单注奖金高达1000万元	4
张呈栋们走上“海归回流”路 回国身价就暴涨	7
复旦大学课题组欲破译包拯基因密码 采集后人血样	5
国庆长假闽道路客运量破1000万人次	1
“年度十大好书”评委:阅读率没下降而是提高	5
李克强再出税收优惠政策激励创业创新	1
"《越狱4》首集""大开杀戒"" 第三季主角遭""清洗"""	6
"阿富汗美军哨所""闹鬼"" 怪声奇光吓坏美国兵(图)"	3
谢霆锋只身坐海边露侧颜 网友调侃：在等王菲(图)	6
受伤鳄鱼龟藏匿车底 港兽医指成年龟能咬断手指（图）	2
台产地湿稻谷价格全面大涨2成 创下五年来新高	2
江西发现1例人感染H10N8禽流感确诊病例	1
宁财神在公寓吸毒时被抓 录制《非诚》常打瞌睡	6
成都社区干部办工厂搞垄断 百姓：有后台惹不起	1
安倍执政伙伴对自卫队参与中东扫雷重申慎重立场	3
印巴边界地区再起战火 印方称过去两周交火三次	3
中国大丰将举办第七届国际麋鹿节	4
杰克逊又创历史 称霸美国旧专辑销售前十位	6
商瑞华赴足协敲定细节 新女足拟于世青赛后集训	7
韩国政府将与中俄接触 磋商朝鲜火箭发射	3
2014两会：“历史性转折”年 用改革改变中国	1
十一届人大常委会十次会议闭幕 通过人民武装警察法	1
英国男演员横尸悬崖下 曾出演007影片中角色	3
美国众议院议长表示将与共和党合作	3
曝易建联收希腊豪门邀请 坦言目标是在NBA打拼	7
马拉多纳满意阿根廷首战表演 不担心进攻效率低	7
基本民生保障制度改革注重量力而行 避免福利陷阱	1
中国青年报：我们是否可以心底无私地行善	1
国务院发布全民健身计划(2011-2015年)(全文)	1
质检总局启动电梯安全宣传周	4
曾志伟庆生宴会星光熠熠 狗仔守门口等其喝醉	6
日本将用地震灾区水产品援助发展中国家	3
英国财政问题可能让英镑步入欧元“后尘”	4
山西临县黄土崩塌致4人遇难 事发时村里正唱戏(图)	1
中国风情秀《Panda！》获冯小刚杨澜等大腕加盟	6
宜兰两株老树相拥共生 当地办婚礼让榕树嫁茄苳	2
3岁设立“爱心基金” 三年级男孩7年捐出5万多元	4
陈云林期待协议签署后能增进两岸同胞切身利益	2
朴槿惠启程访美将会晤奥巴马	3
玉树灾区重建前期工作全面展开 胡锦涛等捐款	1
专家点评：里皮变阵失败  意大利告别黄金一代	7
基金组合投资的科学与艺术	4
世界女子桥牌精英赛在京开战 中国队大胜暂列榜首	7
郭沫若宋庆龄与斯大林谈话记录:涉及农民妇女等	5
北京西站今日客流预计将达到26万	4
"评论：廖凡""封帝""可以算作励志教材"	5
长江源区降水量增幅创48年来最大值	1
也门反对派炮击亚丁致200余人伤亡	3
木村拓哉参演《Hero》续集 北川景子代替松隆子	6
人均实际收入约3万美元 韩国逼近发达国家水平	4
李鸿源铁腕斩桃花 与高金素梅分手后官运亨通(图)	2
高凌风抱病开唱  称“快乐得像一只火鸟”	6
香港各界支持警方全面清障 乐见社会秩序恢复	2
综述:庆典筹备进入尾声 国务院部署国庆期间工作	1
作家朱千华《南方秘境》出版 描述喀斯特景观	5
澳门红十字会向琼桂两地紧急拨款救灾	2
福建永定积极推动两岸乡村“结对子”	2
少妇用餐时疑被淋腐蚀性液体 涉案男子否认控罪	2
非法象牙交易年逾百亿美元 亚非30国携手打击	3
慕尼黑：俄总理反对在叙利亚发动地面行动	3
2人染红美洲杯出局 乌拉圭暴力足球该歇歇了	7
中国球迷筹款救升班马 深足球迷感慨希望被拯救	7
学者称中美经贸被过度政治化 应避免零和思维	3
国足折腾26个小时开始拉练 将进行4-5场教学赛	7
商务部：近期主要食用农产品价格涨势放缓	4
台股12月18日收盘涨12.46点	2
《炎樱衣谱》:张爱玲写的“广告软文”	5
直面3.82万亿美元巨额外汇储备的是是非非	1
香港新派武侠小说诞生60周年 民族情怀历久弥新	2
"老舍当校长传播""真善美"":培养学生有爱心懂感恩"	5
"徐克""狄仁杰""出击国庆档 片中新增“怪兽”元素"	6
特侦组发现陈致中疑似继续部署扁家资金转移	2
国乒公布世乒赛初步名单 王皓入选备受关注	7
宜信财富被曝投资者受骗 回应称警方已立案侦查	4
叙反对派称占领一处军用机场 政府称消息不实	3
美国三名经济学家共享诺贝尔经济学奖	4
姚明陷困境麦蒂低靡 火箭新年首战21分惨负猛龙	7
林志炫巡演开唱 戴墨镜一袭红色长装亮相(图)	6
唐山发现百年前糕点广告 原文均为繁体字	5
马英九要求检视现行监狱管理制度 促一周内改革	2
2012北京国际铁人三项赛开始接待运动员	7
韦迪：中国足球没有内行外行 懂管理就能上路	7
进口矿价连续调整 3月钢铁业总体状况有望改善	4
人社部将修订《企业经济性裁减人员规定》	1
里皮：最好的恒大回归 我们正在找回自信与实力	7
"华美奇谲汉玉璧:雕拱身回首凤鸟 刻""宜子孙""篆书"	5
2.6亿得主未现身 福彩中心称已备好卡通头套	4
港股8日开市跌五百多点	2
上海交响乐团与郎朗将于纽约携手献艺庆“世博”	5
粤媒列举CBA季后赛五大猜想：北京首钢一轮游?	7
揭秘佩兰：比米卢更具魅力 曾被冠以“最弱外教”	7
北京至少有20多政府部门推出APP 部分成“僵尸”	1
白岩松：不关心谁是“一哥” 我是普通新闻人	5
《爸爸去哪儿》被指授权衍生产品开发滞后	6
民间故事家从艺50年 曾创作500多件作品（图）	5
高银金融昨日暴跌43% 曾担任汉能财务顾问	4
伊朗表示支持政治解决叙利亚危机	3
"好莱坞大片模式遭遇""七年之痒"" 专家支招"	6
美一女子假扮已故母亲诈骗 多方联手诱捕(图)	3
国安奥古斯托和鲁能吉尔入选新一届巴西国家队	7
股指期货起航 中国资本市场迎来“变局”	4
进化论对不对? 是假说而非定律 谈不上是真理	5
三沙市推动军警民联防机制 构建三线海上维权格局	1
《三枪》玩得high 张艺谋吼陕西rap录歌笑死人	6
浙江地市吸才能力增强 求职者开启“回家路”	4
英格兰队迎来新教练 四年合约锁定前利物浦主帅	7
中国油画双年展举办 400幅作品还原艺术现场(图)	5
CBA北京男篮八连胜平最佳 破16年不胜八一魔咒	7
安道尔0比2负英格兰 鲁尼不进球卡佩罗很窝火	7
"台""IT教父""施振荣：我没想过当蔡英文副手"	2
欣和企业携手多地名厨 中式感恩诠释暖心之爱	4
调查显示:港八成网民称不会在合法网站付款下载	2
横琴澳门青年创业谷首批30个入驻团队通过公示	2
十二届全国人大三次会议各项准备工作全部就绪	1
理财课堂：分清理财与投资概念	4
中央和国家机关取消一般公务用车 明确补贴标准	1
“无国界医生”宣布调查美军轰炸医院程序已启动	3
裸奔男现身英格兰赛场 吊带内裤装扮雷人(图)	7
白岩松建议邀受助者策划公益项目 更能满足需求	5
国台办：维护钓鱼岛主权符合两岸同胞共同利益	2
朝韩首批离散家属26日在金刚山举行团聚活动	3
联赛仅剩7轮离降级区2分 绿城急需3分救命	7
“关爱大龄女童”启动 将向2500人提供卫生用品	4
安倍向联合国官员表示将加强针对难民的支援	3
台湾男子意图性侵 临阵未得逞仍遭判刑	2
杜汶泽发感言告别微博：爱我的人勿念恨我的勿怨	6
朝鲜举行金正日遗体告别仪式 联合国总部降半旗	3
多特CEO：拜仁与其他俱乐部差距拉大 会毁了德甲	7
莫耶斯否认鲁尼被雪藏 切尔西队员收到加盟通知	7
乌菲齐博物馆虚拟画展开展 传世名画“触”手可得	5
2013年美国棉花种植面积预计大幅下滑	4
1800点估值堪比998点水平 A股满地柴燎原可期	4
百件湘绣湘瓷精品6月亮相“港洽周”	2
托举哥参加楷模座谈会 刘云山关心工作情况(图)	1
刘谦春晚“魔琴”创意疑似借鉴 被网友质疑(图)	6
武汉发票黑市仍猖獗 兜售者自称“地下税务局”	4
业界人士：合理规划才能促进新能源较快发展	4
俄罗斯与加拿大称希望联合国对北极争议做出裁决	3
评伪大师与明星合影：一个愿打一个愿挨	5
索契冬奥会圣火传递启动	7
姚晨为爱子办百日宴 冯小刚捧场(图)	6
国民党人士：选情冷 代表台湾选举文化转变	2
"瓮安青年从""闹事者""变人大代表 称经历有正面作用"	1
厦门赴金门投资置产推介会12月26日举行	2
北京周末相声俱乐部首家分部落户密云 李金斗献艺	5
诺阿领衔赛季最佳防守阵容 詹姆斯无缘一队	7
彭浩翔：不删戏非支持杜汶泽，是希望故事完整	6
俄罗斯两人因向列宁纪念碑刷漆遭刑事诉讼	3
农业部部长孙政才：农业部要深入推进农村改革	1
亚青会羽毛球女单秦金晶夺冠 坦言赢在心态	7
期指6月合约渐“受宠”机构资金尚未入场	4
钱荒电荒用工荒 听老板讲企业今年难在什么地方	4
《长生殿》策划人：昆剧的生命从来都在延续	5
江苏南京明城墙装上巨型电子屏 安装1周即拆除	5
工信部：46个项目入选智能制造试点示范项目名单	1
娱评：王祖蓝娶李亚男证明爱拼才会赢	6
江苏：放开家禽市场流通 有序恢复家禽交易	1
古力荣膺最有价值棋手 女子围棋联赛明年将推出	7
定陵龙袍出土时发光后成碎片 复制用了3年(图)	5
葡萄牙记者在睡梦中被抢 笔记本照相机遭洗劫	7
印度法院因毒气案遭批 积案如山审完要花466年	3
《爸爸》节目组回应吴镇宇儿子受伤：会和他沟通	6
实力榜:老鹰登顶骑士竟至第16 火箭第10湖人25	7
消息称澳总理主动要求美方邀请澳方参与空袭IS	3
中国铁路经60年达世界先进 体制改革推动发展	1
台拟推节能减碳 朱立伦吁使用公共运输及节能	2
玻利维亚万人街头嚼古柯叶 促删禁令向美示威	3
美西部内华达州山林大火已致1人死 万余人撤离	3
吴敦义评价国民党副主席异动：对党有正面帮助	2
红线女：粤剧要让年轻人过瘾	5
"""官心惶惶""背后舆论生态 网络成民意重要表达路径"	1
慎对地方融资平台 银行一季度拨备率普升	4
人大代表向晓梅：稳定外需还须加力	4
吉林立法全面禁猎17年 野生动物种群数量明显增加	1
投资关注政策扶持与安全边际	4
中国内地环境辐射水平和食品抽样监测无明显变化	1
代表建言设环保警察破解“垃圾围城”	1
第十届作家榜江南问鼎榜首 韩寒郭敬明排名下降	5
林奕华将销毁《三国》布景 因货柜寄存费用高	5
纽约一男子失踪 曾在曼哈顿东村爆炸建筑物约会	3
韩国“罗老”号第三次发射推迟至11月9日至24日	3
“便宜治病”的执念是在控诉看病贵	1
民进党拟扩大范围讨论大陆政策 暂不考虑“辩论”	2
陈乔恩与王凯坐旋转木马兴奋 男方调皮抓其头发(图)	6
"地铁出现""女版文章"" 文章：除了脚看不出相似之处"	6
北京拟推进手机实名制 三大运营商称积极推进	1
法雷奥半年报销售额同比增一成	4
全球富豪超1700万人 控制世界4成财富	4
"网络数据盘点:""书中的中国式生活""更注重吃喝和养生"	5
韩朝在开城就离散家属团聚举行第二轮工作接触	3
"郭德纲寻贫穷时恩人被疑炒作 愤怒反击骂""草泥马"""	6
力帆新外援带来新变化 战恒大目标还是取分	7
北京市气象部门解除暴雨蓝色预警	1
NBA指控快船老板 斯特林负隅顽抗已身败名裂	7
“小酒窝”林俊杰：写歌时想阿Sa(图)	6
戴秉国同法国总统外事顾问雷维特举行磋商	1
莫耶斯不满比利时新星成铲球“靶子”	7
上海春节赴泰游锐减五成 信心恢复尚需时日	4
"英骚乱2250人被捕 卡梅伦邀美国""超级警探""平乱"	3
恒大坐拥两大意帅并非完美 上港队或成前车之鉴	7
台湾证交所建民意信箱 便民查询办理进度	2
余光中游黄山畅谈爱情：恩爱是一生的营养(图)	2
商务部将研讨建设新自贸区	4
我国计划2022年基本完成城区老工业区搬迁改造工作	4
美术教育专家杨景芝：美育能推动人思维能力的发展	5
江西湖北交界发生4.6级地震 武汉南昌等地有震感	1
邵琪伟：确实有部分游客出去旅游有些不文明表现	1
《时间都去哪了》疑获千万资金拍电影	6
上半年进出口增幅回落 全年10%增长目标可实现	4
香港前政务司长许仕仁涉贪案 控方将新增10名证人	2
麦当娜与小男友分手 两人相差30岁(图)	6
香港海下湾珊瑚覆盖称冠 品种丰富健康稳定	2
巴黎戴高乐机场13名员工涉嫌偷盗行李被捕	3
男子遭火车撞死遗体卡车厢下 事故原因待调查	2
帝国大厦枪击案凶手性格孤僻 遇害者开朗热情	3
默克尔呼吁民众勿受仇外势力煽动	3
温格：切尔西将成为英超冠军 没什么能阻挡他们	7
荷兰研究发现有钱的女人生男孩子的机会比较大	3
刘翔：13秒15证明我还行 伤病不会影响今后发挥	7
煤价一周重挫18% 明年或将全行业过剩	4
裁判导演惊天逆转雷霆险胜 快船恐难以再翻身	7
北京晚报：恒大是皇马，非凯泽	7
华晨汽车董事长祁玉民:发展自主品牌需要高起点	4
韩国总统朴槿惠父亲传记首推中文版	5
赌博公司全额退还曼联夺冠赌金 老板:决不后悔	7
媒体评论：追讨圆明园文物并非理直气壮	5
英国94岁老人机翼上站立 绕直布罗陀岩山飞行	3
巴林“鲁智深”已42岁 成亚锦赛年龄最大球员	7
台湾射击、射箭故事:瞄准的感动 看百步穿杨(图)	2
2013年各国兴奋剂违例报告出炉 中国34例排第13	7
自主创新转型升级 浙江装备制造业探寻发展之道	4
索马里南部汽车炸弹袭击致13人死亡20人受伤	3
高铁沿线投资置业不靠谱 投资风险难以掌控	4
"邓加""再就业""不被太多人看好 美洲杯将是""小考"""	7
国务院：两年内实行股票公开发行注册制	4
日本当代艺术家奈良美智作品集引进出版(图)	5
立法法修正案草案今日审议 系15年来首次修改	1
海南高速逆市狂飙 高换手率暗示行情已近尾声	4
北京消费零售额两年居全国之首 预计突破5300亿	4
深港合作国际化青年创新创业社区开园	4
业内：电企全面摆脱“受制于煤”还需时日(2)	4
8年连续投资800万保护“非遗”	4
阿尔滨欲在重庆冲超 吴庆赵和靖荣归故里	7
陈洪绶作品成拍场焦点 4岁画高大威武关公像	5
“何振梁与奥林匹克陈列馆”馆长忆何振梁最后时刻	7
评论：文化的舞台剧场，批评家不可以缺席	5
格林斯潘称降级打击美国自尊 不会陷入二次衰退	4
三湘都市报：米兰德比不是道德评比	7
聚焦西安公选副局级干部:公布举报电话接受监督	1
非洲大草原紫羚羊标本将现上海 全球仅20多件(图)	5
社科院蓝皮书总结出中国模式四大“内核”	4
刘延东在中南海会见古巴国务委员会科技顾问	1
何晟铭获封新“咆哮帝” 回应：和马景涛无可比性	6
李登辉孙女否认恋情 找男友要1.8米以上台湾郎	2
大陆北漂导演写诗想娶马英九女儿 托江丙坤当月老	2
陈佩琪不记得逛过灯会 柯文哲：只好再带她去一次	2
北京男排外援骨折前景忧 球队紧急开会研究对策	7
创业板到底是投机者的盛宴还是投资者的剩宴？	4
李牧：我们缓过来了可惜没赢 第二场依旧五五开	7
推星空主题房改七夕菜谱 七夕节商家乞“巧”	4
评：莫让文明仓皇地消逝	5
"中国自行建造的最大客滚船""渤海翡珠""轮试航成功"	4
上港队长孙祥一身轻松笑谈争冠：有想法 没压力	7
民办高校陆续步入更迭期 第二代校长谁来当引关注	1
韩媒：美国弗州州长称将在“东海并记”法案上签字	3
评论：“互联互通”开创金融外交新时代	1
外媒：德国“跨年夜性侵案”向政治地震演变	3
2013年官媒发声渐入佳境 “绝对草根”时代结束	1
苹果减产价格涨国外行情不变 果汁企业陷尴尬	4
倪萍主持央视公益节目《等着我》 帮普通人寻人	6
教育部：大学生创业创新可记学分	1
沙特整顿外籍劳工市场致10万埃塞俄比亚人回国	3
放大招开放“员工价” 车企还能拿什么自救？	4
奥巴马呼吁巴基斯坦调查庇护本•拉登的网络(图)	3
北京女篮开赛喊保级为时过早 争前八较为合理	7
天琴座流星雨 明晚可达极大	5
女足备战亚洲杯马晓旭归队 目标先争取小组出线	7
英国金融界掀起内幕交易风暴 冲击美法德大行	4
杰拉德戴罪立功送关键传球 无私助攻成就托雷斯	7
河南“禁传视频”引争议:保护隐私还是阻碍网络反腐	1
王路生:孙杨有强烈的求胜欲望 欣喜看到他的成长	7
日本饭店招牌在地震后漂流至美国阿拉斯加(图)	3
发改委等部门近期频繁谈物价 引导百姓消费预期	4
和黄中期业绩胜预期  欧洲业务比重扩大	2
5万亿元产业蓝图筑巢引凤 体育消费将成新增长极	4
香港各界同胞举行庆祝国庆五十九周年文艺晚会	2
冷空气影响中东部大部地区 局地降温超15℃	1
“东方好画家新锐作品提名展”在京开幕	5
理财支招：公司高管如何无忧退休？	4
俞正声会见ECFA海峡两岸暨香港民间经贸合作论坛代表	1
《新施公案》16日开播 范明化身断案高手	6
老舍胡絜青伉俪暨老舍纪念馆名人书画作品沈阳展出	5
雾霾压城：北京污染减排行动“喜忧参半”	1
外交部就黄岩岛事件、普京当选总统等答问(实录)	1
李某某案受害人律师：从陪酒到卖淫 有人泼脏水	6
传“暮光情侣”已订婚 帕丁森亲自设计钻戒	6
吴伯雄：民进党是否适合参加830游行自有公论	2
"蔡依林参加""同志""婚礼 新郎曾对其说""很爱你"""	6
台湾宜兰将推出充气大白鸭 供游客拍照（图）	2
金像奖重提“香港制造” 颁奖嘉宾述纯港片发展	6
万余中国人报名“移民”火星 登陆后将难返地球	3
佩内洛普·克鲁兹产女 与凯特王妃爱子同一天出生	6
黄磊透露婚姻保鲜秘诀：平凡的情感才最珍贵	6
外媒：美军打造最大隐形驱逐舰威慑亚太	3
足协骨龄检测多数不合格 平均5球员就有1人超标	7
日本使馆工作人员为销毁私吞公款证据而纵火	3
王晶发文暗骂周星驰:利用拍档 功劳尽归自己	6
高台跳水明年登大雅之堂 中国仅有1人推广该运动	7
女子50米步枪卧射:王成意个人摘金 韩国团体夺冠	7
河北省通报31个省市责任书减排项目	1
反兴奋剂中心：禁赛3月因孙杨出示证据为治心脏	7
田亮郑州签售新书 感叹女儿森碟人气超过自己	7
英高官警告英国球迷 警方前往南非对付足球流氓	7
中国人民银行将于25日发行1600亿央票	4
济南时报：中超上演“葡萄牙德比”	7
人社部回应延迟退休:已在上海等个别地区探索	4
以色列拟在与埃及边境兴建安全围篱 防非法入境	3
汪明荃“白发魔女”扮女皇 吴卓羲变笨鸡(图)	6
我国将建立养老服务评估制度	4
台湾艺人大炳病逝 曾四次吸毒为摆脱丑闻疯狂工作	6
张铁林称自己智慧超《极速前进》其他参赛者	6
国脚战老挝被曝出工不出力 高洪波怒斥郜林	7
德国国门逝世周年忌 汉诺威拟命名恩克街	7
港澳文化艺术人士感悟传统文化 谈当今港澳社会	2
前国民党“立委”称民进党早晚与柯文哲翻脸	2
美国会议员报销名目多 离职前“突击”花钱(图)	3
"卖馒头的变身""药剂师"" 一袋药丸成本800元卖22万"	4
《狼图腾》10月底杀青 草原拍戏冯绍峰病倒(图)	6
沪1月轨交逃票查处数同比降六成 逃票最高罚75元	4
桑兰再次起诉时代华纳 律师称被告未履行承诺	7
为何物品叫“东西”不叫“南北”？东汉时已出现	5
设计出防雾霾瓦片 南京小伙获“设计奥斯卡”金奖	5
伊拉克副总统哈希米被以恐怖主义罪名判死刑	3
高速男篮一场大胜保前四 下轮客场挑战广厦	7
欧冠：伊布传射巴黎双杀切尔西 连续4赛季进8强	7
刘铁男严重违纪违法被开除党籍和公职	1
黎真主党称袭击以军车致伤亡 称系对以空袭报复	3
台湾一男子潜船私渡入境 被厦门边检查获遣返	2
萨科齐敦促卡扎菲放下武器	3
纽约警察遭枪击2嫌犯被捕 市长探伤员被“嫌弃”	3
杨少华81岁玩“跨界” 戏份不多却笑果十足	6
C919推动民机产业大升级 项目前景须经受市场检验	4
艺术品回归理性 近现代水墨或可成为下一匹黑马	5
散装油太脏 市民不买账	4
火箭队官方宣布姚明手术成功 复出时间仍未定	7
俄总统称支持南奥塞梯和阿布哈兹关于其地位决定	3
戴姆勒国产零配件比例将达40%	4
江苏城管执法车假日现身草莓园 当事人被辞退	1
"港版""落叶归根"" 一港人为去世亲人办登机手续"	2
奥巴马派代表参加黑人青年葬礼 民众吁起诉警察	3
国税总局：土地增值税欠缴推算有误	4
外媒：中国钢铁需求低迷 钢铁企业业绩萎靡不振	4
四川界定5种问责情形 促派驻机构有效履职	1
国民党民代将提案修法 让在台满6月陆生参加健保	2
央行：下半年继续实施适度宽松的货币政策	4
国台办证实文化部邀请龙应台以适当身份访大陆	2
以色列大选解析：内塔尼亚胡未来之路不平坦	3
海口美兰机场免税店开业 离岛免税全面推行	4
韩媒：日本仍有整套设施 有能力制造核物质钚	3
台北市为台湾人口净迁出最多城市 年均流失万人	2
天津一出租司机免费搭载市民：我的名字叫塘沽	1
话剧《红旗谱》郑州将演 改编自梁斌同名著作	5
藏人痛失阿沛  立志“踏着他的脚步前行”	1
80后俏主播谢娜、朱丹、王婧、柳岩青涩照曝光	6
皮特朱莉婚礼或弃用庄园：找个新地点保证隐私	6
众星云集BBC年度颁奖典礼 汉密尔顿C罗成赢家	7
“世界最贵邮票”邮票待拍卖 仅一枚传世(图)	5
四川成都这一刻：警报长鸣 静默哀思	1
“中国馆之父”何镜堂：亚运开幕式开先河有创意	7
湖南道县古人类遗址再次发掘20枚人类牙齿化石	5
泰红衫军称领导人均逃脱 政府称将采进一步行动	3
陈德铭：望美方在多哈谈判发挥更大建设性作用	4
陈振聪：龚如心欲以风水学校商标作华懋商标	2
四川去年超额完成保障房建设任务 竣工16.2万套	1
张希上学仍未退役 有望搭档薛晨再战里约奥运	7
所罗门群岛海域发生6.4级地震 震源深度5公里(图)	3
广东一公安局长被曝赌球输百万 单位：早就听闻	1
李敏镐现身上海 粉丝需掏钱获入场券(图)	6
西双版纳暴雨引发洪涝 景洪勐腊2.9万人受灾	1
索契冬奥会一火炬手突发心脏病身亡	7
李小鹏坐镇“火山口”：抓安全生产也是政绩	1
东北抗日义勇军百枚货币重见天日 见证918抗战史	5
成龙回应和宋祖英贴面：我每次都这样，很普通	6
"包小柏谈""90后花儿"" 暗讽""快女""只知煽情太做作"	6
Angelababy穿婚纱亮相 不希望婚礼太大场面(图)	6
春拍物美价廉 张大千拍得300万	4
美国康州小学篮球赛场外枪击致1死3伤 一嫌犯被捕	3
清乾隆刊刻昭明文选拍出7.5万 古书拍出亲民价	5
调查显示住房开支在中国家庭消费中“最坚挺”	4
卡马乔团队今抵京 年薪创历史新高	7
求子不易 29岁女子带女婴裸体入镜拍写真	2
第二届中国国际雕博会福建惠安开幕	5
阿尔卑斯溶冰现80具一战士兵遗体 保存完好(图)	3
国际奥委会主席盛赞南京青奥会特别精彩 充满创新	7
"孙楠自认无""跨界天分"" 将上央视马年春晚献歌"	6
民政部回应“殡葬暴利”：将全面推行惠民殡葬	4
学者：拜占廷史凸显历史连续性	5
美国前防长为新书受访 批奥巴马损害美国信誉	3
公务员品吴官正《闲来笔潭》：身不由己仍坚守信念	1
埃及球迷抗议活动再酿惨剧 引发冲突致两人死亡	7
北海皇家船坞大修 沿用“一麻五灰”修缮工艺	5
黄奕老公否认家暴 称要曝光所有证据	6
示威不断 法国环保部长首次质疑争议大坝项目	3
"邓超喊话杨幂女儿""小糯米"":等等哥哥以后罩你(图)"	6
"欧冠红白大战上演复出秀 拉莫斯看好""罗本速度"""	7
美运载火箭爆炸前曾推迟发射 尚不清楚事故原因	3
民调显示多数美国人在巴以冲突中支持以色列	3
上市公司“务农”正流行 机遇风险并存考验企业内功	4
失联日本自卫队飞机6名机组人员全部找到	3
400米双料世界冠军服壮阳药 药检失败禁赛2年	7
成都驷马桥名称由来：司马相如兑现坐车过桥誓言	5
韩寒导演处女作将开机 被曝不拍商业片	6
国民党称嘉义涉弊案苏贞昌护短 引蓝绿互喷口水	2
10个地区单位通报今年首轮巡视整改情况 立案数上升	1
地方政府举债成“鸦片瘾” 专家建议城市信用评级	1
18日国内大宗商品反弹 近全线收涨	4
亚太影展遭遇台湾地震 侯佩岑：它在释放能量	6
中国滑轮高手将在东江湖挑战水上飞越 冲击吉尼斯	7
科威特刑事法院以间谍罪判处两名被告死刑	3
柳斌杰：文化立法在中国是短板 正完善法律体系	1
金融危机殃及俄足球 阿布心情不好推迟迎娶娇妻	7
印度女童嘴莫名肿痛 医生取出202颗牙齿(图)	3
港股成交创7月来新低 尾市缺承接急速下滑	2
中国第一块汽车牌照的故事：1945年最后一次现身	5
雷军、董明珠豪掷10亿赌业绩 大佬打赌成风？	4
西班牙智库发布“全球存在指数” 中国排行第五	3
60国代表齐聚巴黎商讨利比亚战后重建工作	3
中国戏曲学院名角台北连演三天传统京剧	5
足坛打黑案4月开庭 将对30名涉案人员进行审理	7
飞向何处？支线航空“冲动”下的民营航空困境	4
西博会开幕式落户星光大道 大运河杭州段烟花装扮	6
北京天坛祈年殿柱子鸟粪多 古建保护成难题（图）	5
维护台胞投资合法权益 提升湘台经贸合作水平	2
山东设立37个省级以上台湾园区 形成聚集效应	2
清代银秤巴掌大 旧时用来称黄金(图)	5
电影《乔布斯》内地将上映 讲述乔布斯传奇故事	6
中国家用电器研究院首发用户体验评测体系	4
"大巴黎将穿恐袭纪念衫战法甲 印""我就是巴黎""字样"	7
广东客场绝杀险胜江苏 易建联、朱芳雨均20+(图)	7
《图兰朵》拍摄电影版 将考虑上院线播映	6
国务院总理温家宝与法国总理菲永举行会谈	1
申花队员发誓要拼下大连 对手感叹保级拿分不易	7
“神七”发射时间多重考虑 保证宇航员阳面出舱	1
李某某上诉案庭审12小时 李律师：一切都在努力中	6
政府采购不得指定品牌型号	4
李明博登韩日争议岛屿 凸显日本难言尴尬境地	3
杨千嬅夺金像奖影后：机会留给有准备的人	6
黄永玉致李宝瑞谈文学：用玩的态度对待文字不行	5
香港将恢复进口内地活鸡 分隔选址正在商讨中	2
2PM玉泽演将起诉涉性骚扰网友：绝不和解	6
朝鲜青年节庆祝会举行 金正恩致贺信提要求(图)	3
上海学者指中东政治和社会转型面临四大挑战	3
多地高温持续破纪录 8月份部分地区可能更热	1
恒大命硬绝杀成瘾 斯帅：赢巴萨不是没可能	7
中国财政状况进全球五强 澳大利亚在排名居首	4
2600点之下 5千万自购基金踩到地面还是“地雷”	4
繁殖羽黑嘴端凤头燕鸥首现台湾	2
蔡英文能整合绿营的两岸思维吗？	2
孙妍在亮相大学引轰动 跆拳道课百男生围观(图)	7
别让证券市场禁入新规成无牙“老虎”	4
明星过年不得闲 章子怡扫货孙俪赚钱全度妍添丁	6
新疆铁路从4月10起调整列车运行图	1
NBA总决赛即将上演 詹姆斯库里决定总冠军归属	7
林丹出战亚锦赛赢球仅用24分钟 奥运后终复出	7
乌军强攻顿涅茨克民间武装司令部 双方持续激战	3
美国医生滥开价值7700万美元止痛药 遭检方起诉	3
河北衡水发倡议 “大京九城市广播电视台联盟”成立	5
北京晚报:篮协处罚裁判打了自己的脸？	7
晒明星情人节:杨幂刘恺威相聚2小时 黄晓明送水晶	6
辛晓琪：我要的男人，这世界还没有(图)	6
台湾：落水也不怕 手机装强化壳水中可拍照	2
吴邦国结束欧亚四国之行回到北京	1
山西沁源瞒报矿难死亡人数 正副县长被约谈告诫	1
美国阿拉斯加一座火山喷发烟灰 或影响航空安全	3
"马伊琍自曝""宅妈""生活:每天接送小孩，网购买东西"	6
谢霆锋为网络游戏献声 被曝将回归乐坛	6
饮料玩“瘦身”市民称“这是变相涨价”	4
日在距钓鱼岛最近岛部署雷达 居民拦防相车抗议	3
央行：对铁道部原来贷款或债券等支持措施不变	1
北京开通菜篮子直通车 菜价最多可降两成	4
"美助理国务卿:奥巴马时代美中关系将""非常不同"""	3
吴秀波:我和媒体从来不是敌对关系 不喜萌叔称呼	6
胡学明任天津市北辰区副区长	1
超八成省区市大蒜价格上涨 全国日均价上涨6.3%	4
电商巨头布局跨境电商 阿里、腾讯纷纷出手	4
埃及一天然气中转站发生爆炸 出口管道被迫关闭	3
世界最长刺绣在广东乳源完工 拟申报吉尼斯纪录	5
调查显示中国四线城市居民城市认同感最高	1
标普下调法国评级展望至负面	4
湖南16座古墓被盗案开庭	5
性感女星变身棒球少女 深V球衣大秀事业线(组图)	7
证监会促股市发展多措施将陆续出台	1
话剧《老舍五则》上演 李成儒侯耀华回归舞台	5
周杰伦捧场蔡依林个唱 当天飞现场隔天继续拍戏	6
朱芳雨与前妻打官司胜诉 获大儿子抚养权	7
受大雾影响 辽宁全省已有10条高速公路全线封闭	1
胡彦斌出新专辑《红歌》献礼祖国	6
韦德停止偿还房贷 前妻恐再次流浪街头	7
美政府承诺不会将公民医保个人信息用于移民执法	3
港逾万商户参与推广刺激消费 官员盼改善旅游形象	2
中国南方将出现较强降雨 局地降雨量超100毫米	1
中国铁路14日预计发送旅客790万人次	1
上海上港征战中超有两点 媒体：青年军后生可畏	7
杭州六和塔重新开放(图)	5
辽足满意从鲁能身上拿到一分 下轮东北保级大战	7
可可托维奇被日之泉解雇 林勤：与球队想法不符	7
贝恩资本债转股升任二股东 黄光裕股权遭削弱	4
香港男子患罕见病命悬24小时 幸获千人次血浆保命	2
邓婕确认担任真人秀《私人订制》“圆梦嘉宾”	6
监拍:疑似广东湛江国资委副主任带女下属开房	1
亚冠大阪派多名替补首发 恒大最强阵送乌龙大礼	7
大宗商品电商平台\n年内落户京城	4
港媒剖析陈振聪落败缘由 供词自暴其短欲盖弥彰	2
斯科特调侃尼克扬新发型:像一群虫子在头上乱爬	7
花美男HIT-5韩国走红 韩媒关注内地偶像团体	6
鲁迅笔下“闰土”原型后人动情追忆周海婴	5
马英九下午将亲上火线首度报告两岸ECFA进程	2
第三届唐弢青年文学研究奖在京颁奖	5
“占领华尔街”波及欧美诸国 直击美贫富悬殊软肋	3
中国成立首家专业养老金管理机构 求解“未富先老”难题	4
20名日本侵华老兵抵达长春举行多场演讲会谢罪	5
图文：隋棠深V领舞衣跳伦巴 美腿若隐若现	6
中国11月工业增速5个月来最强 外媒:经济复苏信号	4
黄光裕被驳回再次上诉 股民索赔案成“拉锯战”	4
憨豆先生被曝生活严肃曾患抑郁 驾车高手两遇车祸	6
破纽扣割左臂 香港14岁少女自残被制止	2
新版《小李飞刀》上市 倪匡盼古龙进文学史	5
香港票房:《饥饿游戏2》夺冠	6
蔡李龙离开江苏肯帝亚男篮 称将长期转会吉林队	7
房价物价双双上涨 韩国升息压力日趋加重	4
京华时报：定西地震 理性关注是种进步	1
新疆面向中亚南亚的经贸盛会“喀交会”开幕	4
习近平将访东南亚 进一步加强同东盟关系	1
"霍夫曼身亡 克鲁尼：除""糟糕""外没词能形容我心情"	6
男子杀害亲妹后分尸 开庭口吐白沫被批演技一流	2
"秦岚新剧聚焦康熙年间大移民 演绎""女汉子""企业家"	6
港府新iBond发售 中银香港料认购数创新高	2
大S自称“金星人”晒素颜鬼脸照 表情扭曲(组图)	6
北京9月4日至6日不限行 下周恢复尾号限行	1
费德勒迪拜赛夺冠 成第4位ACE球突破9千大关球员	7
日本政府加强边境反恐举措 安倍向欧盟表明合作意愿	3
云南“慢性旱灾”损失远超湖南08年雪灾	1
宋丹丹宋方金交战撕行业乱象 中国或需制作人制度	5
印媒看中国阅兵比高低 称战略核威慑中国领先	3
杜德伟被经纪公司控告欠债 回应：非常惊讶和委屈	6
哈尔滨等东北城市出现严重雾霾 有市民戴三个口罩	1
民调：安倍内阁支持率下降 民众对政党不期待	3
Selina10月31日结婚庆祝30岁生日 未婚夫确认	6
娱评：孙菲菲“裙踩门”事件背后	6
王珞丹放狠话：我气度大，但跟我抢男人的都得死	6
刘春明年底前完不成学业 孙卫望率国奥出战亚运	7
西班牙借贷成本飙升 欧债危机或愈演愈烈	4
加拿大三分之二情侣因财务拮据押后婚事	3
星级待遇：墨西哥出动无人机保护海龟产卵(图)	3
"李少红回应争议:蒋""黛玉""胜气质 王""元春""非大妈"	6
株洲政风大考:500代表公开评议 奖惩结果当场兑现	1
国际奥委会评估团主席称北京“有能力举办冬奥会”	1
大陆仍欢迎民进党人士以适当身份来大陆走走看看	2
湖南下月居住证开始取代暂住证 持证者享多项待遇	1
赵本山憾别春晚 揭秘那些年我们一起追过的小品	6
评论：“简除烦苛，禁察非法”的敬民之心	1
《鲁迅像传》引肖像权之争 鲁迅之孙状告作者侵权	5
一年不射博斯克渐失耐心 托雷斯遭暗批或沦替补	7
含十几种食品添加剂雪糕是魔鬼吗？	4
褚时健“牵手”阿里零售平台 发力云南高原特色农业	4
徐克欲翻拍3D版《新龙门客栈》年内开机演员未定	6
第二届两岸四地营养改善学术会议在成都开幕	4
湖北红安纪委建议重新任用15名曾受处分干部	1
工信部部长苗圩：食品企业将建黑名单制度	4
中国（北流）国际陶瓷博览会开幕 11国客商寻商机	4
"""小丑先生""将再度来华演出 造型酷似卓别林(图)"	5
阿娇短发高贵似赫本 新片激吻床戏破大尺度(组图)	6
台商首次获邀列席政协成都市第十三届三次会议	1
台湾地区领导人选举角逐“年轻力量”和“第三势力”	2
专家：推动公证工作与经济社会发展深度融合	1
欧元区4月通货膨胀年率下降1.2%	4
曼联提前夺冠原因搞笑 杜蕾斯赞助转播鲁尼破球荒	7
《让熊猫飞》纽约遭抵制 网友质疑是炒作	6
李安母亲节返台演讲 将与高龄母亲团聚庆祝	6
C罗欧冠一战刷新N项纪录 带伤作战拼到被迫离场	7
央行否认“双降”是中国版QE：有很大差别	4
2015年晋愉集团剑指70亿	4
浙江省企业家对宏观经济形势进一步看好	4
台湾气象部门解除海啸警报	2
愿食品安全翻身仗从奶粉攻坚开始	4
前巴西国脚收中国球队报价 卢西奥遭俱乐部弃用	7
台湾男子香港收押所离奇死亡 全身伤痕累累(图)	2
香港男子假结婚娶两妻牟利4000元  被判13月	2
代表建议创新社会治理要将矛盾化解在田头苗头源头	1
亚青赛开幕式篮球少年引关注 自称未来想上大学	7
外资认为台湾经济2010年以前复苏几率不高	2
泰国中部、南部同涝 总理英拉表示担忧	3
F1新加坡站将用发光轮胎 车手戴特制护目镜(图)	7
朴泰桓：在以我名字命名的体育馆比赛压力很大	7
香港十大屋苑成交量升逾三成 各区入市气氛趋好	2
贾剑涛被任命为哈尔滨市政府副市长	1
安倍将参观荷兰《安妮日记》作者博物馆(图)	3
新西兰北部海域发生里氏6.4级地震 尚无人伤亡	3
华南虎南非野化成功将回国 或放归湖南江西两地	1
潘粤明经纪人：就算董洁不提出来，我们也会提	6
小宋佳出演女作家萧红 情绪大起大落崩溃好几回	6
菅直人参议院大选失利 民主党10月政绩不尽人意	3
中国驻英大使在英媒撰文批驳安倍参拜靖国神社	3
冰上伉俪复出后“分居” 已恢复到世界顶尖水平	7
广西机场集团构筑“航空物流大通道”	4
印尼警方逮捕18名涉恐嫌犯 6人涉及雅加达恐袭案	3
《隋唐英雄3》将播 刘晓庆再演16岁少女	6
"葛兰素史克深陷""讨薪门"" 回应称如存违规将开除"	4
书画鉴赏大师劳继雄：把收藏仅仅作为投资很危险	5
闽启动全球儿童画大赛 纪念妈祖羽化升天1025年	5
博尔特第五次当选国际田联年度最佳	7
绿营声称台补助大陆研究生是两岸不对等遭驳斥	2
奥巴马抵牙买加 将赴巴拿马或会晤卡斯特罗(图)	3
"传大S汪小菲闪电注册结婚 ""红娘""安以轩不知情"	6
全国高中篮球联赛爆冲突:场上玩狠的 场下玩阴的	7
美国五角大楼敲定研制新型F-35发动机合同	3
中国音乐剧现状调查：缺人才 票价高 精品少	5
中俄边防部队首次沿界河冰道联合巡逻	1
中国传统武术路在何方 搬上电视披上职业外衣	7
布鲁塞尔爆炸后 欧洲多国机场紧急加强戒备	3
世界杯亚洲区：阿联酋遭逆转连败 澳大利亚小胜	7
香港“内外兼修” 国际金融地位更上层楼	2
小型微利企业所得税优惠范围再扩大	4
少量的施舍：美国恐难兑现接收叙利亚难民承诺	3
国米新年5连胜完美开局：要好好考虑德比的事情	7
首次棒球世界排名 台湾地区名列第五	2
骑士队老板儿子手气奇佳 再为球队赢得状元秀	7
全国象甲联赛广东不敌黑龙江 遇本赛季首场败绩	7
公务员街头擦皮鞋受争议 志愿精神不应有标签	1
季羡林故居被盗案被告:判我有罪是对季老的诬蔑	5
上游农民大面积弃种大豆 国产大豆命悬一线	4
中联办主任张晓明谈有关香港发展的三大问题	2
慈善捐款能否成为减轻处罚的理由？	4
台湾：咖啡墨水当众淋头  国民党民代候选人控对手抹黑	2
邓紫棋再穿热裤配鱼网丝袜 粉丝：那不适合你(图)	2
许宁宁：中国与东盟间将呈大量新商机	4
美国牛肉争议风暴 台餐饮业恐损失上亿新台币	2
评论：莫雷要赶的是“麦迪心魔”	7
快捷酒店火碱洗涤“白床单”怎么没人管	1
香港民航处批准航空公司调低客运燃油附加费	2
台湾男子起淫念 欲猥亵女尸抱睡一夜遭起诉(图)	2
张高丽参加湖南团审议:要把青山绿水留给子孙后代	1
于涛不满媒体曝其隐私 怒称“陈年旧事被揪出”	7
前皇马球星遭国际刑警逮捕 因涉嫌洗钱+贩毒	7
专家称莫因短视损害中非关系 应实现合作双赢	3
李春江落选中国男篮主帅只因“不听话”？	7
纽约警方对路上“怪人”开枪致2名旁观者中弹	3
美国一架私人飞机坠毁并起火 机上7人全部遇难	3
韩称已基本掌握开发韩国型战机所需三项核心技术	3
环保法修正警惕伪环保：长出牙齿遏制破坏环境行为	1
